{"roc_auc_score": 0.8223684210526315, "accuracy_score": 0.8387096774193549}