{"roc_auc_score": 0.780701754385965, "accuracy_score": 0.8064516129032258}